,rs4341,rs4961,rs4994,rs17249754,rs2681472,rs1800247,rs3781719,rs1799998,rs11191548,rs9266359,rs1458038,rs16998073,rs10924160,rs35444,rs17367504,rs3865418,rs2288774,rs6235,rs1800206,rs4253778,rs11099098,rs2296545,rs1122608,rs6749447,rs2361159,rs2021783,rs6013382,status
1,GG,GG,AA,GG,AA,0,AG,GG,TT,0,CT,AT,0,AG,AA,0,CT,CC,CC,0,0,CG,GT,GT,CC,CC,CT,normal
2,GG,TT,AA,AG,AG,0,AG,AG,TT,0,CC,AA,0,AA,AG,0,CT,CC,CC,0,0,CG,GG,GT,TT,CC,CT,hyper
3,GG,TT,AA,AG,AG,0,AG,AG,TT,0,CC,AA,0,AA,AG,0,CT,CC,CC,0,0,CG,GG,GT,TT,CC,CT,hyper
4,GG,TT,AA,AG,AG,TT,AG,AG,TT,CC,CC,AA,0,AA,AG,CT,CT,CC,CC,GG,GG,CG,GG,GT,TT,CC,CT,hyper
5,CG,GG,GG,AG,AG,0,AA,AG,TT,0,CC,AA,0,AA,AA,0,TT,GG,CC,0,0,CC,GT,TT,CC,CC,CT,normal
6,GG,GG,AA,AG,AG,CT,AA,AG,TT,0,CC,AA,0,GG,AA,CT,TT,CC,CC,GG,GG,0,GG,GT,CC,CC,CC,normal
7,GG,GG,AA,AG,AG,0,AG,AG,CT,0,CC,AA,0,AG,AG,0,CT,CC,CC,0,0,GG,GT,GT,C,CC,CT,normal
8,GG,GG,AA,GG,AA,0,AG,GG,TT,0,CT,AT,0,AG,AA,0,CT,CC,CC,0,0,CG,GT,GT,CC,CC,CT,normal
9,CC,GT,AG,AG,AG,TT,AG,GG,CT,0,TT,TT,0,AA,AG,CC,CC,CG,CC,GG,TT,0,GG,GT,T,CC,CC,normal
10,GG,GG,AA,GG,AA,TT,AA,AA,TT,0,CT,AT,0,GG,AA,CT,CT,0,CC,GG,GT,0,GT,GT,C,CC,CT,normal
11,GG,GG,AA,GG,AA,TT,AA,AA,TT,0,CT,AT,0,GG,AA,CT,CT,0,CC,GG,GT,0,GT,GT,C,CC,CT,normal
12,GG,GG,AA,GG,AA,TT,AA,AA,TT,0,CT,AT,0,GG,AA,CT,CT,0,CC,GG,GT,0,GT,GT,C,CC,CT,normal
13,GG,GG,AA,GG,AA,TT,AA,AA,TT,0,CT,AT,0,GG,AA,CT,CT,0,CC,GG,GT,0,GT,GT,C,CC,CT,normal
14,CG,GG,AA,GG,AA,CT,AG,AG,TT,0,CC,AA,0,AG,AA,CT,TT,0,CC,GG,GG,0,GT,GG,T,CC,CT,hyper
15,GG,GG,AG,GG,AA,TT,AG,AG,CC,0,CC,AA,0,AG,AG,CC,TT,0,GG,CG,GG,0,GT,TT,C,CC,CT,hyper
16,GG,GG,AA,GG,AA,TT,AA,AA,CT,0,CC,AA,0,GG,AG,CT,CT,0,GG,CG,GG,0,GG,TT,CT,CC,TT,hyper
17,GG,GG,AA,GG,AA,CT,AA,AA,TT,0,CC,AA,0,GG,AA,CT,CC,0,CC,GG,GG,0,GT,TT,CT,CC,TT,hyper
18,GG,GG,AA,GG,AA,CT,AA,AA,TT,0,CC,AA,0,AG,AA,CT,CC,0,CG,GG,GG,0,GG,GT,CT,CC,CT,hyper
19,CG,GG,AA,GG,AA,CT,AG,AA,TT,0,CT,AT,0,GG,AA,CT,CT,0,CC,GG,GT,0,GT,GG,TT,CC,CC,hyper
20,GG,GG,AA,GG,AA,TT,AA,GG,TT,0,CT,AT,0,AA,AG,CT,CT,CC,CC,CG,GT,0,TT,TT,CT,CC,CC,hyper
21,GG,GG,AA,GG,AA,CC,AA,GG,TT,0,CT,AT,0,AG,AG,TT,CC,CG,CC,GG,GT,0,GG,TT,C,CC,CC,hyper
22,CG,GG,AA,AA,GG,0,AA,AA,TT,0,CC,AA,0,AA,AA,0,CT,CC,CC,0,0,CG,GT,TT,T,CC,TT,hyper
23,CG,GG,AA,GG,AA,CT,AA,GG,CT,0,CC,AA,0,AA,AA,CC,CT,CG,CG,CG,GG,0,TT,GG,TT,CC,CC,hyper
24,CC,TT,AA,GG,AA,TT,AA,AG,TT,0,TT,TT,0,AA,AA,CT,CT,0,CC,GG,TT,0,GT,TT,CT,CC,CT,hyper
25,CC,GG,AG,AA,GG,TT,AG,AA,TT,0,CC,AA,0,AA,AG,CT,CT,CC,CC,GG,GG,0,GT,GT,T,CT,CT,hyper
26,0,0,AA,0,AA,TT,0,AA,TT,0,TC,TA,0,GG,AA,0,TC,CC,CC,GG,TG,0,TG,TG,CC,CC,TC,normal
27,0,GG,AA,0,AA,TT,0,AG,TT,0,CC,AA,0,AA,AA,0,TT,GC,CC,GG,GG,0,GG,TT,TC,CC,CC,normal
28,0,GG,AA,0,AA,CC,0,AG,TT,0,CC,AA,0,AG,AA,0,TT,CC,CC,GG,GG,0,GG,TG,TT,CC,TT,normal
29,0,GG,AA,GG,AA,TT,0,AG,TT,0,TC,0,0,AG,AA,0,CC,0,CC,GG,TG,GC,GG,TG,TT,0,TT,normal
30,0,TG,AG,0,AG,TT,0,AA,TT,0,TC,TA,0,AG,AG,0,TC,GC,CC,GG,TG,0,TG,TG,TC,CC,TT,normal
31,0,GG,AA,0,AA,TC,0,0,0,0,0,0,0,AA,AG,0,TC,CG,CC,0,0,CC,GG,0,CC,0,0,hyper
32,CG,GG,AA,GG,AA,TT,AA,AG,CT,0,CC,AA,0,GG,AG,CT,TT,0,CC,GG,GG,0,GT,GT,T,CC,CT,normal
33,GG,GG,AA,GA,AG,TC,--,AA,TT,0,CC,AA,0,AA,AA,CC,TC,0,CC,CC,GG,0,GG,TG,CC,--,CC,hyper
34,0,GG,AA,GG,AA,TC,0,AG,TT,0,TC,0,0,AG,AG,0,TC,0,0,GG,TG,GG,TG,TG,TC,0,CC,hyper
35,GG,GG,AG,AG,AG,CC,AG,AG,CT,0,CC,AA,0,AG,AA,CC,CC,CC,CC,CG,GG,CC,GG,GG,0,CC,CC,hyper
36,CC,GG,AA,GG,AA,TT,AG,AA,TT,0,CC,AA,0,GG,AG,CT,CT,0,CC,GG,GG,0,GG,TT,CT,CC,CT,hyper
37,GG,GG,AA,AA,GG,TT,AG,AA,TT,0,CC,AA,0,AG,AA,TT,CT,CC,CC,GG,GG,0,GT,GG,C,CC,TT,hyper
38,CG,GG,AA,GG,AA,TT,0,AG,TT,0,CT,AA,0,AG,AA,CT,CC,CG,CC,GG,GT,0,TT,TT,0,CC,CT,hyper
39,GG,TT,AA,AG,AG,CT,AA,AA,TT,0,CT,AT,0,AA,AG,CC,CC,CC,CG,CG,GT,0,TT,GT,T,CC,CT,normal
40,CG,GT,AG,AG,AG,TT,AA,AG,TT,0,CC,AA,0,AG,AA,CT,CT,0,CC,GG,GG,0,GT,GT,C,CC,TT,hyper
41,CG,GG,AA,AG,AG,TT,GG,AG,TT,0,CC,AA,0,AA,AA,TT,CT,0,CG,CG,GG,0,GG,GT,T,CC,CT,hyper
42,CG,GG,AA,GG,AA,0,AA,AA,TT,0,CC,AA,0,AG,AA,0,CT,CC,CC,0,0,CG,GG,TT,CC,CC,CT,hyper
43,CG,GG,AG,0,AA,0,AA,0,CT,0,CC,AA,0,0,AA,0,0,CC,CC,0,0,CG,GT,GT,T,0,CC,hyper
44,CG,GG,AA,GG,AA,CT,AG,AG,TT,0,CC,AA,0,AG,AA,CT,TT,0,CC,GG,GG,0,GT,GG,T,CC,CT,hyper
45,GG,GG,AA,GG,AA,CT,AA,AA,TT,0,CC,AA,0,GG,AA,CT,CC,0,CC,GG,GG,0,GT,TT,CT,CC,TT,hyper
46,GG,GG,AA,GG,AA,CT,AA,AA,TT,0,CC,AA,0,AG,AA,CT,CC,0,CG,GG,GG,0,GG,GT,CT,CC,CT,hyper
47,CG,GG,AA,GG,AA,TT,GG,AA,TT,0,CT,AT,0,AA,AA,TT,CT,GG,CC,GG,GT,0,GT,TT,CC,CC,CT,hyper
48,0,GG,AA,0,AG,0,0,AA,TT,0,TC,TA,0,AG,AA,0,CC,GC,CC,GG,TG,0,GG,TT,TC,CC,CC,hyper
49,0,GG,AA,0,AG,0,0,AA,TT,0,TC,TA,0,AG,AA,0,CC,GC,CC,GG,TG,0,GG,TT,TC,CC,CC,hyper
50,CC,GT,AA,GG,AA,CT,AA,AG,TT,0,CT,AT,0,AG,AG,CC,TT,0,CC,CG,GT,0,GG,GT,C,CC,CT,hyper
51,CG,GG,AG,AG,AG,TT,GG,GG,TT,0,CC,AA,0,GG,AA,CT,CT,GG,CC,GG,GG,0,GG,TT,CT,CC,CC,hyper
52,GG,GG,AA,GG,AA,CT,AG,AA,TT,0,CC,AA,0,AA,AA,TT,TT,CC,CG,CG,GG,0,GT,TT,C,CC,CT,hyper
53,0,GG,AA,0,AA,TC,0,AA,TT,0,CC,AA,0,AG,AG,0,CC,CC,CC,GG,GG,0,TG,TT,CC,CC,TT,hyper
54,CG,GT,AA,0,AA,0,AA,0,TT,0,TT,TT,0,0,AG,0,0,CC,CC,0,0,CG,GT,TT,T,0,CC,hyper
55,CG,GT,AA,0,AG,0,AA,0,TT,0,CT,AT,0,0,AA,0,0,CG,CG,0,0,CC,GT,TT,CC,0,TT,normal
56,0,TG,AA,0,AG,0,0,AA,0,0,CC,0,0,AG,AA,0,TT,0,0,0,0,0,0,0,TC,CC,TC,hyper
57,0,GG,AA,0,AA,TT,0,AA,TT,0,TC,TA,0,AG,AA,0,TT,GC,CC,GG,TG,0,GG,TG,CC,CC,TC,normal
58,CC,GG,AA,GG,AA,CT,AG,AG,CT,0,CC,AA,0,GG,AA,CC,CT,0,CC,GG,GG,0,GG,TT,TT,CC,CT,normal
59,CG,GG,AA,GG,AA,TT,GG,AA,TT,0,CC,AA,0,AG,GG,TT,CT,0,CG,CC,GG,0,GT,TT,TT,CC,CT,normal
60,CC,GG,AA,GG,AA,TT,--,AG,TT,0,CC,AA,0,AG,AA,TC,TC,0,CC,GG,GG,0,GG,TG,CC,--,TT,normal
61,GG,GG,AA,0,AA,0,AG,0,TT,0,CT,AT,0,0,AG,0,0,CG,CG,0,0,0,GG,GT,C,0,TT,normal
62,CC,GG,AA,GG,AA,TT,AG,AG,TT,0,CT,AT,0,AA,AA,TT,CC,0,CG,CG,GT,0,GG,TT,CT,CC,CC,normal
63,CG,TT,AA,GG,AA,--,AA,AG,CT,0,CT,AT,0,AG,AA,CC,TT,0,CC,GG,GT,0,GT,TT,CT,CC,CT,normal
