rs4341,rs4961,rs4994,rs17249754,rs2681472,rs1800247,rs3781719,rs1799998,rs11191548,rs9266359,rs1458038,rs16998073,rs10924160,rs35444,rs17367504,rs3865418,rs2288774,rs6235,rs1800206,rs4253778,rs11099098,rs2296545,rs1122608,rs6749447,rs2361159,rs2021783,rs6013382,status
CC,GG,AG,GG,AA,TT,AG,AG,TT,0,CT,AT,0,AA,AG,CC,TT,0,CC,GG,GT,0,GT,TT,CT,CC,CC,normal
CC,GG,AG,GG,AA,TT,AG,AG,TT,0,CT,AT,0,AA,AG,CC,TT,0,CC,GG,GT,0,GT,TT,CT,CC,CC,normal
CG,GG,AA,GG,AA,TT,AG,AA,TT,0,CC,AA,0,AG,AA,TT,CC,0,CC,GG,GG,0,GG,TT,C,CC,CC,hyper
CG,GT,AA,0,AA,0,AG,0,TT,0,CT,AT,0,0,AA,0,0,CG,CC,0,0,0,GT,GT,T,0,CC,hyper
CG,GT,AA,0,AA,0,AG,0,TT,0,CT,AT,0,0,AA,0,0,CG,CC,0,0,CC,GT,GT,T,0,CC,hyper
CG,GG,AA,AG,AG,TT,GG,AG,TT,0,CT,AT,0,AA,AA,CC,CT,CG,CC,GG,GT,CG,GT,GG,TT,CC,CT,hyper
CC,GG,AA,GG,AA,CT,AG,AG,TT,0,TT,TT,0,AG,AA,TT,CT,0,CC,GG,TT,0,GG,TT,CT,CC,CC,normal
CC,GG,AA,AG,AG,CT,AA,AG,TT,0,CC,AA,0,AA,AA,CC,TT,0,CC,CG,GG,0,GG,GT,CT,CC,CT,hyper
CC,GG,AA,GG,AA,TT,AG,AG,TT,0,CT,AT,0,AG,AA,TT,TT,0,CC,GG,GT,0,GG,GT,T,CC,CT,normal
GG,GG,AA,GG,AA,CT,AA,GG,CT,0,CT,AT,0,AA,AA,CT,TT,0,CC,CG,GT,0,GT,GT,TT,CC,CT,normal
0,TG,AA,0,AA,TT,0,AG,TT,0,CC,AA,0,AA,AA,0,TT,GC,CC,GG,GG,0,TG,TT,CC,CC,TC,normal
CG,GG,AA,GG,AA,TT,AA,AA,TT,0,CT,AT,0,GG,GG,CC,CT,0,CC,GG,GT,0,GT,GT,CT,CC,CT,hyper
CG,GT,AA,GG,AA,TT,AG,AA,TT,0,CT,AT,0,AG,AA,CT,TT,0,CG,CG,GT,0,GG,GT,C,CC,CT,hyper
CC,GT,AA,GG,AA,CT,GG,AG,CT,0,CT,AT,0,AG,AA,TT,CT,0,CC,CG,GT,0,GG,GT,CT,CC,CT,hyper
GG,GG,AA,GG,AA,TT,AA,GG,TT,0,CT,AT,0,AG,AG,CC,CC,0,CC,GG,GT,0,GT,TT,CT,CC,CT,normal
CG,GG,AA,AG,AG,CT,AG,AA,TT,0,CC,AA,0,AG,AG,CT,TT,0,CC,GG,GG,0,GT,TT,C,CC,CC,hyper
CG,GG,AA,AG,AG,CT,AG,AA,TT,0,CC,AA,0,AG,AG,CT,TT,0,CC,GG,GG,0,GT,TT,C,CC,CC,hyper
0,GG,AA,0,AA,TC,0,AG,TT,0,TC,TA,0,AG,AA,0,TC,GC,CC,GG,TG,0,GG,TT,TT,CC,TC,hyper
CG,GT,AA,GG,AA,CT,AA,GG,TT,0,CC,AA,0,AG,AA,TT,CT,0,CC,GG,GG,0,GG,TT,T,CC,CT,hyper
GG,GG,AA,AG,AG,TT,AA,AG,TT,0,CC,AA,0,AG,AA,CT,CT,0,CG,GG,GG,0,GT,TT,C,CC,CT,hyper
CG,GT,AA,GG,AA,CT,AA,AG,CT,0,CT,AT,0,GG,AA,TT,TT,0,CC,GG,GT,0,GT,TT,T,CC,CC,hyper
CG,GT,AA,GG,AA,0,AA,AG,CT,0,CT,AT,0,GG,AA,0,CT,CG,CG,0,0,CC,GG,GT,C,CC,CC,hyper
GG,GG,AA,0,AA,0,AG,0,TT,0,CC,AA,0,0,AA,0,0,CC,CC,0,0,CG,GG,GG,T,0,CT,normal
GG,GT,AA,AG,AG,CT,AG,AG,CT,0,CT,AT,0,GG,AA,TT,CT,0,CC,GG,GT,0,GG,GT,CT,CC,CT,hyper
GG,GT,AA,AG,AG,CT,AG,AG,CT,0,CT,AT,0,GG,AA,TT,CT,0,CC,GG,GT,0,GG,GT,CT,CC,CT,hyper
0,GG,AA,AG,AG,TT,0,AG,TT,0,CC,AA,0,GG,AA,0,TC,GC,GC,0,GG,0,TG,TG,CC,CC,TC,hyper
GG,GG,AA,0,AA,0,AA,0,TT,0,CC,AA,0,0,AA,0,0,CC,CG,0,0,0,TT,GG,T,0,CC,hyper
GG,GG,AA,GG,AA,CT,AA,AA,TT,0,CC,AA,0,AA,AA,TT,CC,CC,CG,GG,GG,GG,TT,GG,TT,CC,CC,hyper
GG,GG,AA,GG,AA,CT,AA,AA,TT,0,CC,AA,0,AA,AA,TT,CC,0,CG,GG,GG,0,TT,GG,TT,CC,CC,hyper
0,GG,AA,GG,AA,TT,0,GG,TC,0,CC,AA,0,AG,AG,0,TT,GC,CC,0,GG,0,GG,TG,TT,CC,TC,normal
GG,GG,AA,GG,AA,TT,AG,AG,CT,0,CT,AT,0,AA,AA,CC,CC,0,CC,GG,GT,0,GT,TT,C,CC,TT,hyper
--,GG,AG,--,AG,TT,0,AG,TT,0,CT,AT,0,AA,AA,0,0,0,CG,CC,GT,0,GG,TT,0,CC,CT,hyper
CG,GG,AA,GG,AA,CT,AG,AG,TT,0,CT,AT,0,AA,AG,CC,CT,0,CC,GG,GT,0,GT,TT,TT,CC,CT,hyper
GG,GG,AA,GG,AA,TT,--,GG,TT,0,CC,AA,0,AA,AA,TT,TC,0,CC,GG,GG,0,GT,TT,CC,--,CT,hyper
0,TG,AG,0,AA,0,0,AG,0,0,CC,0,0,AG,AA,0,CC,0,0,0,0,0,0,0,TT,CC,TT,hyper
CG,GT,AA,GG,AA,TT,AA,GG,TT,0,CC,AA,0,AA,AA,TT,CT,0,CG,CG,GG,0,GG,GT,T,CC,CC,hyper
CC,GG,AA,GG,AA,TT,AG,AG,TT,0,CT,AT,0,AA,AA,CT,TT,0,CC,GG,GT,0,GG,GT,CT,CC,TT,normal
CC,GG,AA,GG,AA,TT,AG,AG,TT,0,CT,AT,0,AA,AA,CT,TT,0,CC,GG,GT,0,GG,GT,CT,CC,TT,normal
0,GG,AA,GG,AA,TT,0,AG,TT,0,TC,0,0,AA,AA,0,TT,0,CC,GG,TG,CC,GG,TG,TC,0,TT,normal
0,TG,AG,GG,AA,TT,0,AA,TT,0,CC,0,0,AA,AA,0,TC,0,CC,GG,GG,GC,TG,TT,TC,0,TC,hyper
CC,GG,AA,GG,AA,0,AG,AA,TT,0,TT,TT,0,AG,AA,0,TT,CC,CC,0,0,CG,GT,TT,CT,CC,CC,hyper
GG,GG,AA,0,AA,0,AA,0,TT,0,CC,AT,0,0,AA,0,0,CC,CC,0,0,CC,GG,TT,CT,0,TT,hyper
GG,GG,AA,GG,AA,TC,--,AA,TT,0,CC,AT,0,AG,AA,TC,TC,0,CC,CC,GG,0,GG,TT,CT,--,TT,hyper
CC,GG,AA,GG,AA,0,AG,AA,TT,0,TT,TT,0,AG,AA,0,TT,CC,CC,0,0,CG,GT,TT,CT,CC,CC,hyper
CC,GG,AA,AG,AG,CT,AA,AA,TT,0,CC,AA,0,AG,AG,TT,CC,CG,CC,CG,GG,0,TT,GT,C,CC,CT,normal
0,GG,AA,0,AG,TC,0,AG,TT,0,TT,TT,0,AG,AG,0,TC,CC,CC,GG,TT,0,TG,TT,CC,CC,TT,normal
CG,GT,AA,GG,AA,CT,0,AA,TT,0,CC,AA,0,AG,AA,0,0,0,CG,CG,GG,0,GT,TT,0,CC,TT,hyper
0,G,A,0,A,T,0,G,T,0,T,T,0,A,A,0,C,G,C,G,T,0,T,T,T,C,C,hyper
--,GG,AA,GG,AA,0,AA,AG,TT,0,CC,AA,0,AA,AA,0,TT,CG,CC,0,0,GG,GG,GG,C,CC,CT,hyper
--,GG,AA,GG,AA,0,AA,AG,TT,0,CC,AA,0,AA,AA,0,TT,CG,CC,0,0,GG,GG,GG,C,CC,CT,hyper
CC,GG,AG,GG,AA,TT,AA,AG,TT,0,CC,AA,0,GG,AA,CT,CT,0,CC,GG,GG,0,GG,GT,C,CC,CT,hyper
CC,GG,AA,GG,AA,TT,AA,AG,TT,0,TT,TT,0,GG,AA,CT,CC,CC,CC,GG,TT,0,GG,GT,T,CC,CT,hyper
CC,GG,AA,GG,AA,CT,AA,GG,TT,0,CT,AA,0,AA,AA,TT,CC,0,CG,CG,GG,0,GT,GT,T,CC,CC,hyper
GG,GG,AA,GG,AA,TT,AG,AA,TT,0,--,AA,0,--,AG,CC,CT,0,CC,--,GG,0,GG,GT,T,CC,CC,normal
CG,GG,AA,0,AA,0,AG,0,TT,0,CC,AA,0,0,AA,0,0,CG,CC,0,0,0,GG,GG,C,0,CC,hyper
CG,GT,AG,AG,AG,CT,AA,AG,TT,0,CC,AA,0,AG,AG,CC,TT,CC,CC,GG,GG,0,GG,GT,CC,CC,CC,normal
0,GG,AA,0,AG,TT,0,GG,TT,0,TT,TT,0,AA,AG,0,TC,GC,CC,GG,TT,0,TG,TT,TC,CC,TC,hyper
GG,GG,AA,AG,AG,CT,AA,AG,TT,0,CC,AA,0,AA,AA,CT,CT,CC,CG,CG,GG,0,GT,TT,CT,CC,CT,normal
CG,GT,AA,GG,AA,CT,GG,AG,CT,0,TT,TT,0,AG,AA,CT,CT,0,CC,GG,TT,0,GT,TT,T,CC,TT,hyper
CC,GT,AA,GG,AA,TT,GG,AG,TT,0,CC,AA,0,GG,AA,CC,CT,0,CC,GG,GG,0,GG,TT,CC,CC,TT,hyper
CG,GG,AA,AG,AG,0,AA,AA,TT,0,CT,AT,0,AA,AA,0,CT,CG,CC,0,0,CC,GT,TT,T,CC,CC,hyper
--,GG,AA,0,AG,0,AG,0,TT,0,CT,AT,0,0,AA,0,0,CG,CC,0,0,0,GG,GT,CC,0,CC,normal
CG,GT,AA,GG,AA,TT,AG,GG,TT,0,CC,AA,0,GG,AA,CT,CT,0,CC,GG,GG,0,GT,TT,CT,CC,CC,normal
GG,GG,AA,GG,AA,TT,AA,AG,TT,0,CC,AA,0,AG,AA,TT,TT,0,CC,GG,GG,0,GG,TT,CT,CC,TT,normal
0,GG,AG,0,0,0,0,GG,0,0,CC,0,0,AA,0,0,TC,0,0,0,0,GC,0,0,CC,CC,0,normal
CC,GT,AA,GG,AA,TT,AG,AA,TT,0,CT,AT,0,AG,AA,TT,CT,0,CC,GG,GT,0,GT,GT,C,CC,CC,hyper
CG,GT,AA,GG,AA,CT,AG,AA,TT,0,CC,AA,0,AA,AA,CC,TT,0,CC,GG,GG,0,GG,TT,T,CC,TT,hyper
0,GG,AA,0,AA,0,0,AG,0,0,TC,0,0,GG,AA,0,TC,0,0,0,0,0,0,0,TC,CC,TC,normal
CG,GG,AA,0,AA,0,AA,0,TT,0,CT,AT,0,0,AG,0,0,CC,CC,0,0,CC,GG,GT,CT,0,CT,hyper
0,TG,AA,GG,AA,TT,0,AA,TT,0,TC,TA,0,AA,AG,0,TT,CC,GC,0,TG,0,TG,TT,CC,CC,TC,hyper
0,GG,AA,AG,AG,TC,0,AG,TT,0,TC,0,0,AG,AA,0,CC,0,CC,GG,TG,GC,TG,GG,CC,0,CC,normal
0,GG,AA,GG,AA,TT,0,AG,TT,0,CC,AA,0,GG,AG,0,TC,CC,CC,0,GG,0,TG,TG,CC,CC,TC,normal
0,TG,AG,0,AA,TT,0,AG,TT,0,TT,TT,0,AG,AA,0,TC,CC,GC,CG,TT,0,GG,TT,TT,CC,TC,hyper
CG,GT,AG,GG,AA,TT,AA,AG,TT,0,CC,AA,0,AA,AA,CT,CT,0,CC,CG,GG,0,GG,TT,T,CC,TT,hyper
CG,GT,AG,GG,AA,TT,AA,AG,TT,0,CC,AA,0,AA,AA,CT,CT,CC,CC,CG,GG,0,GG,TT,T,CC,TT,hyper
0,GG,AA,0,AA,TT,0,AA,TT,0,TC,TA,0,GG,AG,0,TC,GC,CC,CG,TG,0,GG,TT,TC,CC,CC,hyper
GG,GG,GG,AG,AG,TT,AA,AG,CT,0,CT,AT,0,AG,AA,CT,CT,0,CC,GG,GT,0,GG,GT,T,CC,TT,normal
GG,GG,GG,AG,AG,TT,AA,AG,TC,0,TC,TA,0,AG,AA,CT,TC,CC,CC,GG,TG,0,GG,TG,TT,CC,TT,normal
0,GG,GG,0,AG,TT,0,AG,TC,0,TC,TA,0,AG,AA,0,TC,CC,CC,GG,TG,0,GG,TG,TT,CC,TT,normal
